ParentMatN,ChildMatN
M500313000559,M143203000935
M500313000559,M143203000990
M500313000559,M149101000207
M500313000559,M149105000848
M500313000559,M400409000514
M500313000559,M400430000173
M500313000558,M143203000935
M500313000558,M143203000990
M500313000558,M149101000207
M500313000558,M149105000848
M500313000558,M400409000514
M500313000558,M400430000170
M500313000557,M143203000935
M500313000557,M143203000990
M500313000557,M149101000207
M500313000557,M149105000848
M500313000557,M400409000514
M500313000557,M400430000168
M500313000556,M143203000935
M500313000556,M143203000990
M500313000556,M149101000207
M500313000556,M149105000848
M500313000556,M400409000514
M500313000556,M400430000169
M500313000555,M143203000935
M500313000555,M143203000990
M500313000555,M149101000207
M500313000555,M149105000848
M500313000555,M400409000514
M500313000555,M400430000177
M500313000554,M143203000935
M500313000554,M143203000990
M500313000554,M149101000207
M500313000554,M149105000848
M500313000554,M400409000514
M500313000554,M400430000176
M500313000553,M143203000935
M500313000553,M143203000990
M500313000553,M149101000207
M500313000553,M149105000848
M500313000553,M400409000514
M500313000553,M400430000182
M500313000552,M143203000935
M500313000552,M143203000990
M500313000552,M149101000207
M500313000552,M149105000848
M500313000552,M400409000514
M500313000552,M400430000178
M500313000551,M143203000935
M500313000551,M143203000990
M500313000551,M149101000207
M500313000551,M149105000848
M500313000551,M400409000514
M500313000551,M400430000181
M500313000550,M143203000935
M500313000550,M143203000990
M500313000550,M149101000207
M500313000550,M149105000848
M500313000550,M400409000514
M500313000550,M400430000180
M500313000549,M143203000935
M500313000549,M143203000990
M500313000549,M149101000207
M500313000549,M149105000848
M500313000549,M400409000514
M500313000549,M400430000183
M500313000548,M143203000935
M500313000548,M143203000990
M500313000548,M149101000207
M500313000548,M149105000848
M500313000548,M400409000514
M500313000548,M400430000175
M500313000547,M143203000935
M500313000547,M143203000990
M500313000547,M149101000207
M500313000547,M149105000848
M500313000547,M400409000514
M500313000547,M400430000184
M500313000546,M143203000935
M500313000546,M143203000990
M500313000546,M149101000207
M500313000546,M149105000848
M500313000546,M400409000514
M500313000546,M400430000179
M500313000545,M143203000935
M500313000545,M143203000990
M500313000545,M149101000207
M500313000545,M149105000848
M500313000545,M400409000514
M500313000545,M400430000171
M500313000544,M143203000935
M500313000544,M143203000990
M500313000544,M149101000207
M500313000544,M149105000848
M500313000544,M400409000514
M500313000544,M400430000172
M500313000543,M143203000935
M500313000543,M143203000990
M500313000543,M149101000207
M500313000543,M149105000848
M500313000543,M400409000514
M500313000543,M400430000147
M500313000542,M143203000935
M500313000542,M143203000990
M500313000542,M149101000207
M500313000542,M149105000848
M500313000542,M400409000514
M500313000542,M400430000167
M500313000541,M143203000935
M500313000541,M143203000990
M500313000541,M149101000207
M500313000541,M149105000848
M500313000541,M400409000514
M500313000541,M400430000149
M500313000540,M143203000935
M500313000540,M143203000990
M500313000540,M149101000207
M500313000540,M149105000848
M500313000540,M400409000514
M500313000540,M400430000161
M500313000539,M143203000935
M500313000539,M143203000990
M500313000539,M149101000207
M500313000539,M149105000848
M500313000539,M400409000514
M500313000539,M400430000145
M500313000538,M143203000935
M500313000538,M143203000990
M500313000538,M149101000207
M500313000538,M149105000848
M500313000538,M400409000514
M500313000538,M400430000150
M500313000537,M143203000935
M500313000537,M143203000990
M500313000537,M149101000207
M500313000537,M149105000848
M500313000537,M400409000514
M500313000537,M400430000159
M500313000536,M143203000935
M500313000536,M143203000990
M500313000536,M149101000207
M500313000536,M149105000848
M500313000536,M400409000514
M500313000536,M400430000156
M500313000535,M143203000935
M500313000535,M143203000990
M500313000535,M149101000207
M500313000535,M149105000848
M500313000535,M400409000514
M500313000535,M400430000155
M500313000534,M143203000935
M500313000534,M143203000990
M500313000534,M149101000207
M500313000534,M149105000848
M500313000534,M400409000514
M500313000534,M400430000146
M500313000533,M143203000935
M500313000533,M143203000990
M500313000533,M149101000207
M500313000533,M149105000848
M500313000533,M400409000514
M500313000533,M400430000160
M500313000532,M143203000935
M500313000532,M143203000990
M500313000532,M149101000207
M500313000532,M149105000848
M500313000532,M400409000514
M500313000532,M400430000166
M500313000531,M143203000935
M500313000531,M143203000990
M500313000531,M149101000207
M500313000531,M149105000848
M500313000531,M400409000514
M500313000531,M400430000163
M500313000530,M143203000935
M500313000530,M143203000990
M500313000530,M149101000207
M500313000530,M149105000848
M500313000530,M400409000514
M500313000530,M400430000153
M500313000529,M143203000935
M500313000529,M143203000990
M500313000529,M149101000207
M500313000529,M149105000848
M500313000529,M400409000514
M500313000529,M400430000151
M500313000528,M143203000935
M500313000528,M143203000990
M500313000528,M149101000207
M500313000528,M149105000848
M500313000528,M400409000514
M500313000528,M400430000154
M500313000527,M143203000935
M500313000527,M143203000990
M500313000527,M149101000207
M500313000527,M149105000848
M500313000527,M400409000514
M500313000527,M400430000162
M500313000526,M143203000935
M500313000526,M143203000990
M500313000526,M149101000207
M500313000526,M149105000848
M500313000526,M400409000514
M500313000526,M400430000158
M500313000525,M143203000935
M500313000525,M143203000990
M500313000525,M149101000207
M500313000525,M149105000848
M500313000525,M400409000514
M500313000525,M400430000157
M500313000524,M143203000935
M500313000524,M143203000990
M500313000524,M149101000207
M500313000524,M149105000848
M500313000524,M400409000514
M500313000524,M400430000165
M500313000523,M143203000935
M500313000523,M143203000990
M500313000523,M149101000207
M500313000523,M149105000848
M500313000523,M400409000514
M500313000523,M400430000152
M500313000522,M143203000935
M500313000522,M143203000990
M500313000522,M149101000207
M500313000522,M149105000848
M500313000522,M400409000514
M500313000522,M400430000148
M500313000477,M143203000935
M500313000477,M143203000990
M500313000477,M149101000207
M500313000477,M149105000848
M500313000477,M400409000514
M500313000477,M400430000164
M500313000475,M143203000935
M500313000475,M143203000990
M500313000475,M149101000207
M500313000475,M149105000848
M500313000475,M400409000514
M500313000475,M400430000026
M500313000474,M143203000935
M500313000474,M143203000990
M500313000474,M149101000207
M500313000474,M149105000848
M500313000474,M400409000514
M500313000474,M400430000174
M500313000473,M143203000935
M500313000473,M143203000990
M500313000473,M149101000207
M500313000473,M149105000848
M500313000473,M400409000490
M500313000473,M400455000328
M500313000472,M143203000935
M500313000472,M143203000990
M500313000472,M149101000207
M500313000472,M149105000848
M500313000472,M400409000490
M500313000472,M400455000327
M500313000471,M143203000935
M500313000471,M143203000990
M500313000471,M149101000207
M500313000471,M149105000848
M500313000471,M400409000490
M500313000471,M400455000326
M500313000470,M143203000935
M500313000470,M143203000990
M500313000470,M149101000207
M500313000470,M149105000848
M500313000470,M400409000490
M500313000470,M400455000325
M500313000469,M143203000935
M500313000469,M143203000990
M500313000469,M149101000207
M500313000469,M149105000848
M500313000469,M400409000490
M500313000469,M400455000324
M500313000468,M143203000935
M500313000468,M143203000990
M500313000468,M149101000207
M500313000468,M149105000848
M500313000468,M400409000490
M500313000468,M400455000323
M500313000467,M143203000935
M500313000467,M143203000990
M500313000467,M149101000207
M500313000467,M149105000848
M500313000467,M400409000490
M500313000467,M400455000322
M500313000466,M143203000935
M500313000466,M143203000990
M500313000466,M149101000207
M500313000466,M149105000848
M500313000466,M400409000490
M500313000466,M400455000321
M500313000465,M143203000935
M500313000465,M143203000990
M500313000465,M149101000207
M500313000465,M149105000848
M500313000465,M400409000490
M500313000465,M400455000320
M500313000464,M143203000935
M500313000464,M143203000990
M500313000464,M149101000207
M500313000464,M149105000848
M500313000464,M400409000490
M500313000464,M400455000319
M500313000463,M143203000935
M500313000463,M143203000990
M500313000463,M149101000207
M500313000463,M149105000848
M500313000463,M400409000490
M500313000463,M400455000318
M500313000462,M143203000935
M500313000462,M143203000990
M500313000462,M149101000207
M500313000462,M149105000848
M500313000462,M400409000490
M500313000462,M400455000317
M500313000461,M143203000935
M500313000461,M143203000990
M500313000461,M149101000207
M500313000461,M149105000848
M500313000461,M400409000490
M500313000461,M400455000315
M500313000460,M143203000935
M500313000460,M143203000990
M500313000460,M149101000207
M500313000460,M149105000848
M500313000460,M400409000490
M500313000460,M400455000315
M500313000459,M143203000935
M500313000459,M143203000990
M500313000459,M149101000207
M500313000459,M149105000848
M500313000459,M400409000490
M500313000459,M400455000314
M500313000458,M143203000935
M500313000458,M143203000990
M500313000458,M149101000207
M500313000458,M149105000848
M500313000458,M400409000490
M500313000458,M400455000313
M500313000457,M143203000935
M500313000457,M143203000990
M500313000457,M149101000207
M500313000457,M149105000848
M500313000457,M400409000490
M500313000457,M400455000312
M500313000456,M143203000935
M500313000456,M143203000990
M500313000456,M149101000207
M500313000456,M149105000848
M500313000456,M400409000490
M500313000456,M400455000311
M500313000455,M143203000935
M500313000455,M143203000990
M500313000455,M149101000207
M500313000455,M149105000848
M500313000455,M400409000490
M500313000455,M400455000310
M500313000454,M143203000935
M500313000454,M143203000990
M500313000454,M149101000207
M500313000454,M149105000848
M500313000454,M400409000490
M500313000454,M400455000309
M500313000453,M143203000935
M500313000453,M143203000990
M500313000453,M149101000207
M500313000453,M149105000848
M500313000453,M400409000490
M500313000453,M400455000308
M500313000452,M143203000935
M500313000452,M143203000990
M500313000452,M149101000207
M500313000452,M149105000848
M500313000452,M400409000490
M500313000452,M400455000307
M500313000451,M143203000935
M500313000451,M143203000990
M500313000451,M149101000207
M500313000451,M149105000848
M500313000451,M400409000490
M500313000451,M400455000306
M500313000450,M143203000935
M500313000450,M143203000990
M500313000450,M149101000207
M500313000450,M149105000848
M500313000450,M400409000490
M500313000450,M400455000305
M500313000449,M143203000935
M500313000449,M143203000990
M500313000449,M149101000207
M500313000449,M149105000848
M500313000449,M400409000490
M500313000449,M400455000304
M500313000448,M143203000935
M500313000448,M143203000990
M500313000448,M149101000207
M500313000448,M149105000848
M500313000448,M400409000490
M500313000448,M400455000303
M500313000447,M143203000935
M500313000447,M143203000990
M500313000447,M149101000207
M500313000447,M149105000848
M500313000447,M400409000490
M500313000447,M400455000302
M500313000446,M143203000935
M500313000446,M143203000990
M500313000446,M149101000207
M500313000446,M149105000848
M500313000446,M400409000490
M500313000446,M400455000301
M500313000445,M143203000935
M500313000445,M143203000990
M500313000445,M149101000207
M500313000445,M149105000848
M500313000445,M400409000490
M500313000445,M400455000300
M500313000444,M143203000935
M500313000444,M143203000990
M500313000444,M149101000207
M500313000444,M149105000848
M500313000444,M400409000490
M500313000444,M400455000299
M400455000328,M141006000015
M400455000328,M141098000164
M400455000328,M141806000381
M400455000328,M143101000406
M400455000328,M143101000407
M400455000328,M143201000905
M400455000328,M143206000313
M400455000328,M143208000463
M400455000328,M400314000053
M400455000327,M141006000015
M400455000327,M141098000164
M400455000327,M141806000380
M400455000327,M143101000406
M400455000327,M143101000407
M400455000327,M143201000905
M400455000327,M143206000313
M400455000327,M143208000463
M400455000327,M400314000053
M400455000326,M141006000015
M400455000326,M141098000164
M400455000326,M141806000379
M400455000326,M143101000406
M400455000326,M143101000407
M400455000326,M143201000905
M400455000326,M143206000313
M400455000326,M143208000463
M400455000326,M400314000053
M400455000325,M141006000015
M400455000325,M141098000164
M400455000325,M141806000378
M400455000325,M143101000406
M400455000325,M143101000407
M400455000325,M143201000905
M400455000325,M143206000313
M400455000325,M143208000463
M400455000325,M400314000053
M400455000324,M141006000015
M400455000324,M141098000164
M400455000324,M141806000377
M400455000324,M143101000406
M400455000324,M143101000407
M400455000324,M143201000905
M400455000324,M143206000313
M400455000324,M143208000463
M400455000324,M400314000053
M400455000323,M141006000015
M400455000323,M141098000164
M400455000323,M141806000376
M400455000323,M143101000406
M400455000323,M143101000407
M400455000323,M143201000905
M400455000323,M143206000313
M400455000323,M143208000463
M400455000323,M400314000053
M400455000322,M141006000015
M400455000322,M141098000164
M400455000322,M141806000375
M400455000322,M143101000406
M400455000322,M143101000407
M400455000322,M143201000905
M400455000322,M143206000313
M400455000322,M143208000463
M400455000322,M400314000053
M400455000321,M141006000015
M400455000321,M141098000164
M400455000321,M141806000374
M400455000321,M143101000406
M400455000321,M143101000407
M400455000321,M143201000905
M400455000321,M143206000313
M400455000321,M143208000463
M400455000321,M400314000053
M400455000320,M141006000015
M400455000320,M141098000164
M400455000320,M141806000373
M400455000320,M143101000406
M400455000320,M143101000407
M400455000320,M143201000905
M400455000320,M143206000313
M400455000320,M143208000463
M400455000320,M400314000053
M400455000319,M141006000015
M400455000319,M141098000164
M400455000319,M141806000372
M400455000319,M143101000406
M400455000319,M143101000407
M400455000319,M143201000905
M400455000319,M143206000313
M400455000319,M143208000463
M400455000319,M400314000053
M400455000318,M141006000015
M400455000318,M141098000164
M400455000318,M141806000371
M400455000318,M143101000406
M400455000318,M143101000407
M400455000318,M143201000905
M400455000318,M143206000313
M400455000318,M143208000463
M400455000318,M400314000053
M400455000317,M141006000015
M400455000317,M141098000164
M400455000317,M141806000370
M400455000317,M143101000406
M400455000317,M143101000407
M400455000317,M143201000905
M400455000317,M143206000313
M400455000317,M143208000463
M400455000317,M400314000053
M400455000315,M141006000015
M400455000315,M141098000164
M400455000315,M141806000368
M400455000315,M143101000406
M400455000315,M143101000407
M400455000315,M143201000905
M400455000315,M143206000313
M400455000315,M143208000463
M400455000315,M400314000053
M400455000314,M141006000015
M400455000314,M141098000164
M400455000314,M141806000367
M400455000314,M143101000406
M400455000314,M143101000407
M400455000314,M143201000905
M400455000314,M143206000313
M400455000314,M143208000463
M400455000314,M400314000053
M400455000313,M141006000015
M400455000313,M141098000164
M400455000313,M141806000366
M400455000313,M143101000406
M400455000313,M143101000407
M400455000313,M143201000905
M400455000313,M143206000313
M400455000313,M143208000463
M400455000313,M400314000053
M400455000312,M141006000015
M400455000312,M141098000164
M400455000312,M141806000365
M400455000312,M143101000406
M400455000312,M143101000407
M400455000312,M143201000905
M400455000312,M143206000313
M400455000312,M143208000463
M400455000312,M400314000053
M400455000311,M141006000015
M400455000311,M141098000164
M400455000311,M141806000364
M400455000311,M143101000406
M400455000311,M143101000407
M400455000311,M143201000905
M400455000311,M143206000313
M400455000311,M143208000463
M400455000311,M400314000053
M400455000310,M141006000015
M400455000310,M141098000164
M400455000310,M141806000363
M400455000310,M143101000406
M400455000310,M143101000407
M400455000310,M143201000905
M400455000310,M143206000313
M400455000310,M143208000463
M400455000310,M400314000053
M400455000309,M141006000015
M400455000309,M141098000164
M400455000309,M141806000362
M400455000309,M143101000406
M400455000309,M143101000407
M400455000309,M143201000905
M400455000309,M143206000313
M400455000309,M143208000463
M400455000309,M400314000053
M400455000308,M141006000015
M400455000308,M141098000164
M400455000308,M141806000361
M400455000308,M143101000406
M400455000308,M143101000407
M400455000308,M143201000905
M400455000308,M143206000313
M400455000308,M143208000463
M400455000308,M400314000053
M400455000307,M141006000015
M400455000307,M141098000164
M400455000307,M141806000360
M400455000307,M143101000406
M400455000307,M143101000407
M400455000307,M143201000905
M400455000307,M143206000313
M400455000307,M143208000463
M400455000307,M400314000053
M400455000306,M141006000015
M400455000306,M141098000164
M400455000306,M141806000359
M400455000306,M143101000406
M400455000306,M143101000407
M400455000306,M143201000905
M400455000306,M143206000313
M400455000306,M143208000463
M400455000306,M400314000053
M400455000305,M141006000015
M400455000305,M141098000164
M400455000305,M141806000358
M400455000305,M143101000406
M400455000305,M143101000407
M400455000305,M143201000905
M400455000305,M143206000313
M400455000305,M143208000463
M400455000305,M400314000053
M400455000304,M141006000015
M400455000304,M141098000164
M400455000304,M141806000357
M400455000304,M143101000406
M400455000304,M143101000407
M400455000304,M143201000905
M400455000304,M143206000313
M400455000304,M143208000463
M400455000304,M400314000053
M400455000303,M141006000015
M400455000303,M141098000164
M400455000303,M141806000356
M400455000303,M143101000406
M400455000303,M143101000407
M400455000303,M143201000905
M400455000303,M143206000313
M400455000303,M143208000463
M400455000303,M400314000053
M400455000302,M141006000015
M400455000302,M141098000164
M400455000302,M141806000355
M400455000302,M143101000406
M400455000302,M143101000407
M400455000302,M143201000905
M400455000302,M143206000313
M400455000302,M143208000463
M400455000302,M400314000053
M400455000301,M141006000015
M400455000301,M141098000164
M400455000301,M141806000354
M400455000301,M143101000406
M400455000301,M143101000407
M400455000301,M143201000905
M400455000301,M143206000313
M400455000301,M143208000463
M400455000301,M400314000053
M400455000300,M141006000015
M400455000300,M141098000164
M400455000300,M141806000353
M400455000300,M143101000406
M400455000300,M143101000407
M400455000300,M143201000905
M400455000300,M143206000313
M400455000300,M143208000463
M400455000300,M400314000053
M400455000299,M141006000015
M400455000299,M141098000164
M400455000299,M141806000352
M400455000299,M143101000406
M400455000299,M143101000407
M400455000299,M143201000905
M400455000299,M143206000313
M400455000299,M143208000463
M400455000299,M400314000053
M400430000184,M141006000015
M400430000184,M141098000164
M400430000184,M143101000406
M400430000184,M143101000407
M400430000184,M143201000905
M400430000184,M143201000921
M400430000184,M143206000317
M400430000184,M143206000318
M400430000184,M143206000319
M400430000184,M143208000463
M400430000184,M341109003310
M400430000184,M400313000103
M400430000184,M400314000054
M400430000183,M141006000015
M400430000183,M141098000164
M400430000183,M143101000406
M400430000183,M143101000407
M400430000183,M143201000905
M400430000183,M143201000921
M400430000183,M143206000317
M400430000183,M143206000318
M400430000183,M143206000319
M400430000183,M143208000463
M400430000183,M341109003308
M400430000183,M400313000103
M400430000183,M400314000054
M400430000182,M141006000015
M400430000182,M141098000164
M400430000182,M143101000406
M400430000182,M143101000407
M400430000182,M143201000905
M400430000182,M143201000921
M400430000182,M143206000317
M400430000182,M143206000318
M400430000182,M143206000319
M400430000182,M143208000463
M400430000182,M341109003306
M400430000182,M400313000103
M400430000182,M400314000054
M400430000181,M141006000015
M400430000181,M141098000164
M400430000181,M143101000406
M400430000181,M143101000407
M400430000181,M143201000905
M400430000181,M143201000921
M400430000181,M143206000317
M400430000181,M143206000318
M400430000181,M143206000319
M400430000181,M143208000463
M400430000181,M341109003304
M400430000181,M400313000103
M400430000181,M400314000054
M400430000180,M141006000015
M400430000180,M141098000164
M400430000180,M143101000406
M400430000180,M143101000407
M400430000180,M143201000905
M400430000180,M143201000921
M400430000180,M143206000317
M400430000180,M143206000318
M400430000180,M143206000319
M400430000180,M143208000463
M400430000180,M341109003302
M400430000180,M400313000103
M400430000180,M400314000054
M400430000179,M141006000015
M400430000179,M141098000164
M400430000179,M143101000406
M400430000179,M143101000407
M400430000179,M143201000905
M400430000179,M143201000921
M400430000179,M143206000317
M400430000179,M143206000318
M400430000179,M143206000319
M400430000179,M143208000463
M400430000179,M341109003300
M400430000179,M400313000103
M400430000179,M400314000054
M400430000178,M141006000015
M400430000178,M141098000164
M400430000178,M143101000406
M400430000178,M143101000407
M400430000178,M143201000905
M400430000178,M143201000921
M400430000178,M143206000317
M400430000178,M143206000318
M400430000178,M143206000319
M400430000178,M143208000463
M400430000178,M341109003298
M400430000178,M400313000103
M400430000178,M400314000054
M400430000177,M141006000015
M400430000177,M141098000164
M400430000177,M143101000406
M400430000177,M143101000407
M400430000177,M143201000905
M400430000177,M143201000921
M400430000177,M143206000317
M400430000177,M143206000318
M400430000177,M143206000319
M400430000177,M143208000463
M400430000177,M341109003296
M400430000177,M400313000103
M400430000177,M400314000054
M400430000176,M141006000015
M400430000176,M141098000164
M400430000176,M143101000406
M400430000176,M143101000407
M400430000176,M143201000905
M400430000176,M143201000921
M400430000176,M143206000317
M400430000176,M143206000318
M400430000176,M143206000319
M400430000176,M143208000463
M400430000176,M341109003294
M400430000176,M400313000103
M400430000176,M400314000054
M400430000175,M141006000015
M400430000175,M141098000164
M400430000175,M143101000406
M400430000175,M143101000407
M400430000175,M143201000905
M400430000175,M143201000921
M400430000175,M143206000317
M400430000175,M143206000318
M400430000175,M143206000319
M400430000175,M143208000463
M400430000175,M341109003292
M400430000175,M400313000103
M400430000175,M400314000054
M400430000174,M141006000015
M400430000174,M141098000164
M400430000174,M143101000406
M400430000174,M143101000407
M400430000174,M143201000905
M400430000174,M143201000921
M400430000174,M143206000317
M400430000174,M143206000318
M400430000174,M143206000319
M400430000174,M143208000463
M400430000174,M341109003259
M400430000174,M400313000103
M400430000174,M400314000054
M400430000173,M141006000015
M400430000173,M141098000164
M400430000173,M143101000406
M400430000173,M143101000407
M400430000173,M143201000905
M400430000173,M143201000921
M400430000173,M143206000317
M400430000173,M143206000318
M400430000173,M143206000319
M400430000173,M143208000463
M400430000173,M341109003260
M400430000173,M400313000103
M400430000173,M400314000054
M400430000172,M141006000015
M400430000172,M141098000164
M400430000172,M143101000406
M400430000172,M143101000407
M400430000172,M143201000905
M400430000172,M143201000921
M400430000172,M143206000317
M400430000172,M143206000318
M400430000172,M143206000319
M400430000172,M143208000463
M400430000172,M341109003263
M400430000172,M400313000103
M400430000172,M400314000054
M400430000171,M141006000015
M400430000171,M141098000164
M400430000171,M143101000406
M400430000171,M143101000407
M400430000171,M143201000905
M400430000171,M143201000921
M400430000171,M143206000317
M400430000171,M143206000318
M400430000171,M143206000319
M400430000171,M143208000463
M400430000171,M341109003261
M400430000171,M400313000103
M400430000171,M400314000054
M400430000170,M141006000015
M400430000170,M141098000164
M400430000170,M143101000406
M400430000170,M143101000407
M400430000170,M143201000905
M400430000170,M143201000921
M400430000170,M143206000317
M400430000170,M143206000318
M400430000170,M143206000319
M400430000170,M143208000463
M400430000170,M341109003264
M400430000170,M400313000103
M400430000170,M400314000054
M400430000169,M141006000015
M400430000169,M141098000164
M400430000169,M143101000406
M400430000169,M143101000407
M400430000169,M143201000905
M400430000169,M143201000921
M400430000169,M143206000317
M400430000169,M143206000318
M400430000169,M143206000319
M400430000169,M143208000463
M400430000169,M341109003262
M400430000169,M400313000103
M400430000169,M400314000054
M400430000168,M141006000015
M400430000168,M141098000164
M400430000168,M143101000406
M400430000168,M143101000407
M400430000168,M143201000905
M400430000168,M143201000921
M400430000168,M143206000317
M400430000168,M143206000318
M400430000168,M143206000319
M400430000168,M143208000463
M400430000168,M341109003270
M400430000168,M400313000103
M400430000168,M400314000054
M400430000167,M141006000015
M400430000167,M141098000164
M400430000167,M143101000406
M400430000167,M143101000407
M400430000167,M143201000905
M400430000167,M143201000921
M400430000167,M143206000317
M400430000167,M143206000318
M400430000167,M143206000319
M400430000167,M143208000463
M400430000167,M341109003266
M400430000167,M400313000103
M400430000167,M400314000054
M400430000166,M141006000015
M400430000166,M141098000164
M400430000166,M143101000406
M400430000166,M143101000407
M400430000166,M143201000905
M400430000166,M143201000921
M400430000166,M143206000317
M400430000166,M143206000318
M400430000166,M143206000319
M400430000166,M143208000463
M400430000166,M341109003267
M400430000166,M400313000103
M400430000166,M400314000054
M400430000165,M141006000015
M400430000165,M141098000164
M400430000165,M143101000406
M400430000165,M143101000407
M400430000165,M143201000905
M400430000165,M143201000921
M400430000165,M143206000317
M400430000165,M143206000318
M400430000165,M143206000319
M400430000165,M143208000463
M400430000165,M341109003265
M400430000165,M400313000103
M400430000165,M400314000054
M400430000164,M141006000015
M400430000164,M141098000164
M400430000164,M143101000406
M400430000164,M143101000407
M400430000164,M143201000905
M400430000164,M143201000921
M400430000164,M143206000317
M400430000164,M143206000318
M400430000164,M143206000319
M400430000164,M143208000463
M400430000164,M341109003269
M400430000164,M400313000103
M400430000164,M400314000054
M400430000163,M141006000015
M400430000163,M141098000164
M400430000163,M143101000406
M400430000163,M143101000407
M400430000163,M143201000905
M400430000163,M143201000921
M400430000163,M143206000317
M400430000163,M143206000318
M400430000163,M143206000319
M400430000163,M143208000463
M400430000163,M341109003268
M400430000163,M400313000103
M400430000163,M400314000054
M400430000162,M141006000015
M400430000162,M141098000164
M400430000162,M143101000406
M400430000162,M143101000407
M400430000162,M143201000905
M400430000162,M143201000921
M400430000162,M143206000317
M400430000162,M143206000318
M400430000162,M143206000319
M400430000162,M143208000463
M400430000162,M341109003271
M400430000162,M400313000103
M400430000162,M400314000054
M400430000161,M141006000015
M400430000161,M141098000164
M400430000161,M143101000406
M400430000161,M143101000407
M400430000161,M143201000905
M400430000161,M143201000921
M400430000161,M143206000317
M400430000161,M143206000318
M400430000161,M143206000319
M400430000161,M143208000463
M400430000161,M341109003273
M400430000161,M400313000103
M400430000161,M400314000054
M400430000160,M141006000015
M400430000160,M141098000164
M400430000160,M143101000406
M400430000160,M143101000407
M400430000160,M143201000905
M400430000160,M143201000921
M400430000160,M143206000317
M400430000160,M143206000318
M400430000160,M143206000319
M400430000160,M143208000463
M400430000160,M341109003274
M400430000160,M400313000103
M400430000160,M400314000054
M400430000159,M141006000015
M400430000159,M141098000164
M400430000159,M143101000406
M400430000159,M143101000407
M400430000159,M143201000905
M400430000159,M143201000921
M400430000159,M143206000317
M400430000159,M143206000318
M400430000159,M143206000319
M400430000159,M143208000463
M400430000159,M341109003272
M400430000159,M400313000103
M400430000159,M400314000054
M400430000158,M141006000015
M400430000158,M141098000164
M400430000158,M143101000406
M400430000158,M143101000407
M400430000158,M143201000905
M400430000158,M143201000921
M400430000158,M143206000317
M400430000158,M143206000318
M400430000158,M143206000319
M400430000158,M143208000463
M400430000158,M341109003275
M400430000158,M400313000103
M400430000158,M400314000054
M400430000157,M141006000015
M400430000157,M141098000164
M400430000157,M143101000406
M400430000157,M143101000407
M400430000157,M143201000905
M400430000157,M143201000921
M400430000157,M143206000317
M400430000157,M143206000318
M400430000157,M143206000319
M400430000157,M143208000463
M400430000157,M341109003276
M400430000157,M400313000103
M400430000157,M400314000054
M400430000156,M141006000015
M400430000156,M141098000164
M400430000156,M143101000406
M400430000156,M143101000407
M400430000156,M143201000905
M400430000156,M143201000921
M400430000156,M143206000317
M400430000156,M143206000318
M400430000156,M143206000319
M400430000156,M143208000463
M400430000156,M341109003282
M400430000156,M400313000103
M400430000156,M400314000054
M400430000155,M141006000015
M400430000155,M141098000164
M400430000155,M143101000406
M400430000155,M143101000407
M400430000155,M143201000905
M400430000155,M143201000921
M400430000155,M143206000317
M400430000155,M143206000318
M400430000155,M143206000319
M400430000155,M143208000463
M400430000155,M341109003280
M400430000155,M400313000103
M400430000155,M400314000054
M400430000154,M141006000015
M400430000154,M141098000164
M400430000154,M143101000406
M400430000154,M143101000407
M400430000154,M143201000905
M400430000154,M143201000921
M400430000154,M143206000317
M400430000154,M143206000318
M400430000154,M143206000319
M400430000154,M143208000463
M400430000154,M341109003277
M400430000154,M400313000103
M400430000154,M400314000054
M400430000153,M141006000015
M400430000153,M141098000164
M400430000153,M143101000406
M400430000153,M143101000407
M400430000153,M143201000905
M400430000153,M143201000921
M400430000153,M143206000317
M400430000153,M143206000318
M400430000153,M143206000319
M400430000153,M143208000463
M400430000153,M341109003278
M400430000153,M400313000103
M400430000153,M400314000054
M400430000152,M141006000015
M400430000152,M141098000164
M400430000152,M143101000406
M400430000152,M143101000407
M400430000152,M143201000905
M400430000152,M143201000921
M400430000152,M143206000317
M400430000152,M143206000318
M400430000152,M143206000319
M400430000152,M143208000463
M400430000152,M341109003279
M400430000152,M400313000103
M400430000152,M400314000054
M400430000151,M141006000015
M400430000151,M141098000164
M400430000151,M143101000406
M400430000151,M143101000407
M400430000151,M143201000905
M400430000151,M143201000921
M400430000151,M143206000317
M400430000151,M143206000318
M400430000151,M143206000319
M400430000151,M143208000463
M400430000151,M341109003281
M400430000151,M400313000103
M400430000151,M400314000054
M400430000150,M141006000015
M400430000150,M141098000164
M400430000150,M143101000406
M400430000150,M143101000407
M400430000150,M143201000905
M400430000150,M143201000921
M400430000150,M143206000317
M400430000150,M143206000318
M400430000150,M143206000319
M400430000150,M143208000463
M400430000150,M341109003287
M400430000150,M400313000103
M400430000150,M400314000054
M400430000149,M141006000015
M400430000149,M141098000164
M400430000149,M143101000406
M400430000149,M143101000407
M400430000149,M143201000905
M400430000149,M143201000921
M400430000149,M143206000317
M400430000149,M143206000318
M400430000149,M143206000319
M400430000149,M143208000463
M400430000149,M341109003284
M400430000149,M400313000103
M400430000149,M400314000054
M400430000148,M141006000015
M400430000148,M141098000164
M400430000148,M143101000406
M400430000148,M143101000407
M400430000148,M143201000905
M400430000148,M143201000921
M400430000148,M143206000317
M400430000148,M143206000318
M400430000148,M143206000319
M400430000148,M143208000463
M400430000148,M341109003285
M400430000148,M400313000103
M400430000148,M400314000054
M400430000147,M141006000015
M400430000147,M141098000164
M400430000147,M143101000406
M400430000147,M143101000407
M400430000147,M143201000905
M400430000147,M143201000921
M400430000147,M143206000317
M400430000147,M143206000318
M400430000147,M143206000319
M400430000147,M143208000463
M400430000147,M341109003288
M400430000147,M400313000103
M400430000147,M400314000054
M400430000146,M141006000015
M400430000146,M141098000164
M400430000146,M143101000406
M400430000146,M143101000407
M400430000146,M143201000905
M400430000146,M143201000921
M400430000146,M143206000317
M400430000146,M143206000318
M400430000146,M143206000319
M400430000146,M143208000463
M400430000146,M341109003286
M400430000146,M400313000103
M400430000146,M400314000054
M400430000145,M141006000015
M400430000145,M141098000164
M400430000145,M143101000406
M400430000145,M143101000407
M400430000145,M143201000905
M400430000145,M143201000921
M400430000145,M143206000317
M400430000145,M143206000318
M400430000145,M143206000319
M400430000145,M143208000463
M400430000145,M341109003290
M400430000145,M400313000103
M400430000145,M400314000054
M400430000026,M141006000015
M400430000026,M141098000164
M400430000026,M143101000406
M400430000026,M143101000407
M400430000026,M143201000905
M400430000026,M143201000921
M400430000026,M143206000317
M400430000026,M143206000318
M400430000026,M143206000319
M400430000026,M143208000463
M400430000026,M341109003283
M400430000026,M400313000103
M400430000026,M400314000054
M400409000514,M149103000356
M400409000514,M149104000450
M400409000514,M149104000484
M400409000514,M149104000485
M400409000514,M149105000751
M400409000514,M149105000818
M400409000490,M149103000356
M400409000490,M149104000450
M400409000490,M149104000484
M400409000490,M149104000485
M400409000490,M149105000751
M400409000490,M149105000818
M400314000054,M141098000024
M400314000054,M141098000164
M400314000054,M141098000173
M400314000054,M142101001161
M400314000054,M142101001281
M400314000054,M143203000974
M400314000054,M199813000169
M400314000054,M299901000101
M400314000054,M299902000063
M400314000053,M141098000024
M400314000053,M141098000164
M400314000053,M141098000173
M400314000053,M142101001161
M400314000053,M142101001281
M400314000053,M143203000974
M400314000053,M199813000150
M400314000053,M299901000101
M400314000053,M299902000063
M400313000103,M141098000024
M400313000103,M141098000164
M400313000103,M141098000173
M400313000103,M142101001161
M400313000103,M142101001281
M400313000103,M143203000974
M400313000103,M199813000147
M400313000103,M299901000101
M400313000103,M299902000063
M199813000147,M142101000962
M199813000147,M142101001133
M199813000147,M142101001141
M199813000147,M142101001168
M199813000147,M142101001191
M199813000147,M142101001208
M199813000147,M142101001261
M199813000147,M142211000023
M199813000147,M142217000437
M199813000147,M142217000438
M199813000147,M142301000171
M199813000147,M142301000259
M199813000147,M142301000543
M199813000147,M142302000356
M199813000147,M142317000004
M199813000147,M142317000027
M199813000147,M142317000028
M199813000147,M142317000030
M199813000147,M142317000038
M199813000147,M142317000039
M199813000147,M142317000046
M199813000147,M142317000140
M199813000147,M142317000141
M199813000147,M142317000142
M199813000147,M142401000147
M199813000147,M142411000138
M199813000147,M142419000006
M199813000147,M142705000079
